{
  "lang":"en",
  "name":"model",
  "version":"0.0.0",
  "spacy_version":">=2.2.4",
  "description":"",
  "author":"",
  "email":"",
  "url":"",
  "license":"",
  "vectors":{
    "width":0,
    "vectors":0,
    "keys":0,
    "name":"spacy_pretrained_vectors"
  },
  "pipeline":[
    "tagger",
    "parser",
    "ner"
  ],
  "factories":{
    "tagger":"tagger",
    "parser":"parser",
    "ner":"ner"
  },
  "labels":{
    "tagger":[
      "$",
      "''",
      ",",
      "-LRB-",
      "-RRB-",
      ".",
      ":",
      "ADD",
      "AFX",
      "CC",
      "CD",
      "DT",
      "EX",
      "FW",
      "HYPH",
      "IN",
      "JJ",
      "JJR",
      "JJS",
      "LS",
      "MD",
      "NFP",
      "NN",
      "NNP",
      "NNPS",
      "NNS",
      "PDT",
      "POS",
      "PRP",
      "PRP$",
      "RB",
      "RBR",
      "RBS",
      "RP",
      "SYM",
      "TO",
      "UH",
      "VB",
      "VBD",
      "VBG",
      "VBN",
      "VBP",
      "VBZ",
      "WDT",
      "WP",
      "WP$",
      "WRB",
      "XX",
      "_SP",
      "``"
    ],
    "parser":[
      "ROOT",
      "acl",
      "acomp",
      "advcl",
      "advmod",
      "agent",
      "amod",
      "appos",
      "attr",
      "aux",
      "auxpass",
      "case",
      "cc",
      "ccomp",
      "compound",
      "conj",
      "csubj",
      "dative",
      "dep",
      "det",
      "dobj",
      "expl",
      "intj",
      "mark",
      "neg",
      "nmod",
      "npadvmod",
      "nsubj",
      "nsubjpass",
      "nummod",
      "oprd",
      "parataxis",
      "pcomp",
      "pobj",
      "poss",
      "preconj",
      "predet",
      "prep",
      "prt",
      "punct",
      "quantmod",
      "relcl",
      "xcomp"
    ],
    "ner":[
      "ADVERSE REACTION",
      "BODY PART",
      "DISEASE",
      "DOSAGE",
      "DRUG",
      "FOOD",
      "INJURY",
      "MEDICAL FIELD",
      "MEDICAL PROCEDURE",
      "ORGANISM",
      "PERSON",
      "PHISIOLOGIC PROCESS",
      "PHYSIOLOGIC PROCESS",
      "PLACE",
      "SYMPTOM"
    ]
  },
  "accuracy":{
    "tags_acc":92.7557538274,
    "token_acc":99.8175922173,
    "las":45.7928406152,
    "uas":82.2049816252,
    "las_per_type":{
      "cc":{
        "p":70.6666666667,
        "r":9.0289608177,
        "f":16.0120845921
      },
      "nsubj":{
        "p":89.4645941278,
        "r":87.3524451939,
        "f":88.3959044369
      },
      "root":{
        "p":81.4313346228,
        "r":86.7445054945,
        "f":84.0039906884
      },
      "dobj":{
        "p":75.5102040816,
        "r":3.5071090047,
        "f":6.7028985507
      },
      "conj":{
        "p":0.0,
        "r":0.0,
        "f":0.0
      },
      "":{
        "p":0.0,
        "r":0.0,
        "f":0.0
      },
      "ccomp":{
        "p":53.125,
        "r":11.3082039911,
        "f":18.647166362
      },
      "xcomp":{
        "p":0.0,
        "r":0.0,
        "f":0.0
      },
      "amod":{
        "p":86.6292134831,
        "r":83.8955386289,
        "f":85.2404643449
      },
      "prep":{
        "p":85.2941176471,
        "r":3.6114570361,
        "f":6.9295101553
      },
      "det":{
        "p":93.8569206843,
        "r":93.783993784,
        "f":93.8204430626
      },
      "pobj":{
        "p":0.0,
        "r":0.0,
        "f":0.0
      },
      "advmod":{
        "p":85.5457227139,
        "r":57.1992110454,
        "f":68.5579196217
      },
      "quantmod":{
        "p":91.6666666667,
        "r":68.75,
        "f":78.5714285714
      },
      "nummod":{
        "p":88.4892086331,
        "r":71.098265896,
        "f":78.8461538462
      },
      "advcl":{
        "p":56.25,
        "r":12.1621621622,
        "f":20.0
      },
      "nsubjpass":{
        "p":82.2916666667,
        "r":91.8604651163,
        "f":86.8131868132
      },
      "auxpass":{
        "p":91.7355371901,
        "r":91.7355371901,
        "f":91.7355371901
      },
      "relcl":{
        "p":100.0,
        "r":0.5434782609,
        "f":1.0810810811
      },
      "compound":{
        "p":63.7755102041,
        "r":77.479338843,
        "f":69.9626865672
      },
      "expl":{
        "p":94.1176470588,
        "r":80.0,
        "f":86.4864864865
      },
      "attr":{
        "p":88.8888888889,
        "r":6.4516129032,
        "f":12.030075188
      },
      "acl":{
        "p":0.0,
        "r":0.0,
        "f":0.0
      },
      "oprd":{
        "p":0.0,
        "r":0.0,
        "f":0.0
      },
      "neg":{
        "p":93.063583815,
        "r":79.3103448276,
        "f":85.6382978723
      },
      "acomp":{
        "p":50.0,
        "r":0.7117437722,
        "f":1.4035087719
      },
      "aux":{
        "p":95.5252918288,
        "r":95.2473326867,
        "f":95.386109762
      },
      "poss":{
        "p":95.625,
        "r":95.0310559006,
        "f":95.3271028037
      },
      "csubj":{
        "p":67.8571428571,
        "r":54.2857142857,
        "f":60.3174603175
      },
      "pcomp":{
        "p":0.0,
        "r":0.0,
        "f":0.0
      },
      "mark":{
        "p":86.9090909091,
        "r":88.5185185185,
        "f":87.7064220183
      },
      "appos":{
        "p":0.0,
        "r":0.0,
        "f":0.0
      },
      "npadvmod":{
        "p":51.0869565217,
        "r":25.0,
        "f":33.5714285714
      },
      "subtok":{
        "p":0.0,
        "r":0.0,
        "f":0.0
      },
      "dep":{
        "p":0.0,
        "r":0.0,
        "f":0.0
      },
      "intj":{
        "p":69.7916666667,
        "r":54.4715447154,
        "f":61.1872146119
      },
      "nmod":{
        "p":58.4615384615,
        "r":43.6781609195,
        "f":50.0
      },
      "meta":{
        "p":0.0,
        "r":0.0,
        "f":0.0
      },
      "prt":{
        "p":0.0,
        "r":0.0,
        "f":0.0
      },
      "case":{
        "p":0.0,
        "r":0.0,
        "f":0.0
      },
      "agent":{
        "p":0.0,
        "r":0.0,
        "f":0.0
      },
      "predet":{
        "p":100.0,
        "r":82.3529411765,
        "f":90.3225806452
      },
      "dative":{
        "p":0.0,
        "r":0.0,
        "f":0.0
      },
      "parataxis":{
        "p":0.0,
        "r":0.0,
        "f":0.0
      },
      "csubjpass":{
        "p":0.0,
        "r":0.0,
        "f":0.0
      },
      "preconj":{
        "p":0.0,
        "r":0.0,
        "f":0.0
      }
    },
    "ents_f":60.7754733995,
    "ents_p":63.167760075,
    "ents_r":58.5577758471,
    "ents_per_type":{
      "DRUG":{
        "p":55.421686747,
        "r":37.7049180328,
        "f":44.8780487805
      },
      "BODY PART":{
        "p":60.5,
        "r":61.1111111111,
        "f":60.8040201005
      },
      "PLACE":{
        "p":75.4098360656,
        "r":71.875,
        "f":73.6
      },
      "PERSON":{
        "p":78.5942492013,
        "r":77.1159874608,
        "f":77.8481012658
      },
      "MEDICAL PROCEDURE":{
        "p":58.3333333333,
        "r":41.1764705882,
        "f":48.275862069
      },
      "PHYSIOLOGIC PROCESS":{
        "p":11.1111111111,
        "r":25.0,
        "f":15.3846153846
      },
      "ORGANISM":{
        "p":87.1794871795,
        "r":87.1794871795,
        "f":87.1794871795
      },
      "DISEASE":{
        "p":55.5555555556,
        "r":56.9105691057,
        "f":56.2248995984
      },
      "INJURY":{
        "p":100.0,
        "r":10.0,
        "f":18.1818181818
      },
      "SYMPTOM":{
        "p":55.737704918,
        "r":54.4,
        "f":55.0607287449
      },
      "FOOD":{
        "p":21.4285714286,
        "r":12.5,
        "f":15.7894736842
      },
      "DOSAGE":{
        "p":0.0,
        "r":0.0,
        "f":0.0
      },
      "ADVERSE DRUG REACTION":{
        "p":0.0,
        "r":0.0,
        "f":0.0
      },
      "MEDICAL FIELD":{
        "p":0.0,
        "r":0.0,
        "f":0.0
      },
      "ADVERSE REACTION":{
        "p":85.7142857143,
        "r":75.0,
        "f":80.0
      },
      "PROCEDURE":{
        "p":0.0,
        "r":0.0,
        "f":0.0
      }
    }
  },
  "speed":{
    "cpu":7061.2224252476,
    "gpu":null,
    "nwords":19771
  }
}